<?xml version="1.0"?>
<!DOCTYPE mycat:schema SYSTEM "schema.dtd">
<mycat:schema xmlns:mycat="http://org.opencloudb/">

	<schema name="TESTDB">
       <!-- auto sharding by id (long) -->
		<table name="travelrecord" dataNode="dn1,dn2,dn3" rule="auto-sharding-long" />

		<!-- global table is auto cloned to all defined data nodes ,so can join 
			with any table whose sharding node is in the same data node -->
		<table name="company" type="global" dataNode="dn1,dn2,dn3" />
		<table name="goods" type="global" dataNode="dn1,dn2" />

		<table name="employee" dataNode="dn1,dn2" rule="sharding-by-intfile" />
		<table name="customer" dataNode="dn1,dn2" rule="sharding-by-intfile">
			<childTable name="orders" joinKey="customer_id" parentKey="id">
				<childTable name="order_items" joinKey="order_id"
					parentKey="id" />
			</childTable>
			<childTable name="customer_addr" joinKey="customer_id"
				parentKey="id" />
		</table>
	</schema>

<dataNode name="dn1">
		<property name="dataSource">
			<dataSourceRef>ds_dn1</dataSourceRef>
		</property>
		<property name="waitTimeout">3000</property>
		<property name="poolSize">20</property>
		<property name="heartbeat">select user()</property>
	</dataNode>
	
<dataNode name="dn2">
		<property name="dataSource">
			<dataSourceRef>ds_dn2</dataSourceRef>
		</property>
		<property name="waitTimeout">3000</property>
		<property name="poolSize">20</property>
		<property name="heartbeat">select user()</property>
	</dataNode>
	<dataNode name="dn3">
		<property name="dataSource">
			<dataSourceRef>ds_dn3</dataSourceRef>
		</property>
		<property name="waitTimeout">3000</property>
		<property name="poolSize">20</property>
		<property name="heartbeat">select user()</property>
	</dataNode>

	<dataSource name="ds_dn1" type="mysql">
		<property name="location">
			<location>localhost:3306/db1</location>
		</property>
		<property name="user">root</property>
		<property name="password">123456</property>
		<property name="sqlMode">STRICT_TRANS_TABLES</property>
	</dataSource>
	<dataSource name="ds_dn2" type="mysql">
		<property name="location">
			<location>localhost:3306/db2</location>
		</property>
		<property name="user">root</property>
		<property name="password">123456</property>
		<property name="sqlMode">STRICT_TRANS_TABLES</property>
	</dataSource>
	<dataSource name="ds_dn3" type="mysql">
		<property name="location">
			<location>localhost:3306/db3</location>
		</property>
		<property name="user">root</property>
		<property name="password">123456</property>
		<property name="sqlMode">STRICT_TRANS_TABLES</property>
	</dataSource>

</mycat:schema>
